"natty@gmail.com","pbkdf2:sha256:260000$Tss5OzpExqhJipee$1b946b11b0861897050d038bcb12252618bed9869f956fe8e9fa4080cc044a25","Nathaniel","Friedman","123 Rd","9999"
"tamaramorrison@hotmail.com","pbkdf2:sha256:260000$c0TAjt47NvFLBNCD$c48f2f588ca4229f0e30d1ab329650e736e193d766ac38e72e5c11e49d1550dd","Gary","Cross","711 Golden Overpass
West Andreaville, MA 71317","68"
"martha10@hotmail.com","pbkdf2:sha256:260000$0m2ExW0qRZsPDw55$2a7f8f8f854d49d050255197a31488fc820aa3823ed3fc33f39f72cd8145ae04","Denise","Thornton","30989 Anthony Roads
New Maria, MO 12498","291"
"deborah64@gmail.com","pbkdf2:sha256:260000$LsBJT45d2jw88OLF$f27c7fe1cdbb1db872d4cf9ac3d6d7417d50f0acdd783d90aa0aace5be27be0a","Jeanne","Green","22584 Candice Mills
North Thomas, OK 67164","433"
"franklinjames@yahoo.com","pbkdf2:sha256:260000$phsPPkRfMHHv2hry$a528ca4e7a54e807659ec4077a3f7afb4a9178b1578342f9f65761618e8066f7","John","Hoffman","63812 Richard Springs Suite 503
Lake Karenhaven, CT 25464","410"
"samanthasims@yahoo.com","pbkdf2:sha256:260000$eZRrX7tZhAsYnjt1$5952cd68e8b0cb25ec79ed343301ad98b78a97710c59272ec9b775819c64f406","Timothy","Parker","87755 Timothy Squares
Simmonsport, WA 90561","391"
"taguilar@hotmail.com","pbkdf2:sha256:260000$wD6BDI22X0iJC71a$340e7a5cb0855f239e0dde579eb55a3684da4b06840430de7e5a5218b7088c31","Linda","Freeman","577 Amy Forges Apt. 555
New Eddieview, WY 20935","32"
"georgedavid@yahoo.com","pbkdf2:sha256:260000$uOKKaPRJN5aEyFFQ$689b2e48f1f44afa3fd078062f6a40f6257228a1cef9e2efb2aa01f19482b18b","Sandra","Brown","256 Cheryl Lights
Williamsfort, FL 03152","130"
"chad50@yahoo.com","pbkdf2:sha256:260000$EG3m06WZKZo5yB41$5bc3661436fcce427bfb4286886210e8099406effb8dd1d25956240f0f03ec6c","Paula","Wilkerson","16116 Jessica Burgs Suite 660
Calhounmouth, KS 10795","60"
"jyang@hotmail.com","pbkdf2:sha256:260000$wjS0gxdEiy3iqZTq$63ddcf8f0ed1cbf108e85a5747ea17a782d96e64eab606fd05c035932eee0c1f","Willie","Garcia","332 Watson Shore Apt. 290
Millerland, MT 39742","253"
"bramirez@gmail.com","pbkdf2:sha256:260000$MJtwgD6xmMM8eilt$1820f2b77eb1b781482319bbd38d42d1056b93b16f166253104f2e75b88bcaf3","Michael","Montgomery","Unit 4892 Box 6717
DPO AE 71770","389"
"kellypeter@gmail.com","pbkdf2:sha256:260000$IDMZvditqq2YIsmh$c5cc4f9de9a749a3bc2f245a19bdf20f84c88dc8efaa68243a7112f2fd050d0f","Melissa","James","637 Neal Island Suite 074
Lake Tyler, RI 28775","230"
"tarasanders@gmail.com","pbkdf2:sha256:260000$UJZpATIvII5kHGII$e382cf01ec2007444c1d5a38bcfe2252d0cfbb2fe0fa251f5c29905acdd45f79","Lisa","Bush","774 Lewis Grove Apt. 002
Adamtown, CA 56566","241"
"virginia18@yahoo.com","pbkdf2:sha256:260000$igT0HXPyXzh75j7y$e2020ab39202048e96055267b033538e8603be07099c32587436ecdfa05c93b7","Bruce","Miller","9168 Williams Falls
South Jeffrey, KY 46651","333"
"jensenanthony@hotmail.com","pbkdf2:sha256:260000$ylxeZsLzzM1Ux92M$bd1d567f54fa28c7eefbb0223bbb2083a1e21f0ed6a2b1bc6460410c36916501","Mark","Burnett","37933 Lisa Trace
Gomezshire, SC 65835","194"
"kmalone@gmail.com","pbkdf2:sha256:260000$QlCh8j54Ui95gOHJ$9c0fc25936917e11ff38dc5e53b41c19f251234d1e328b7d50053c5faa1d31d0","Courtney","Valdez","76254 Debra Stream
Reyeschester, KS 70454","403"
"kingerin@hotmail.com","pbkdf2:sha256:260000$xod18bBdxZtbuFuk$cece5243f6c32f4265c8184a136f919a49cdaab546e71ec7eb844f93cd2c7c87","Henry","Moss","48487 Kendra Ports Suite 076
South Michaelton, KY 97488","107"
"meganbrady@gmail.com","pbkdf2:sha256:260000$9T4pUSQSlHwISdYV$97c93d6932c894ac215590397bdea87e3763961f105b5681e0d5cd464311687c","Amy","Fowler","4440 Osborne Viaduct Suite 488
Veronicaborough, WY 57084","48"
"kgomez@gmail.com","pbkdf2:sha256:260000$lMSHam8YOjSTJBEU$ea3333d1dcab7df797b8f8b7409969531a5ac6026d4e1ba7e8c3506a83036201","Tammy","Reilly","514 Travis Track Suite 366
Rowefurt, AZ 76875","249"
"thomaspeters@hotmail.com","pbkdf2:sha256:260000$xchvHPWCgUxn5QiQ$2b668438e58de9c0201c695f9c2939910a9bfa90600f0ccb052a062c2bffdae2","Robin","Harris","78209 Darlene Bypass Suite 137
Port Stephen, VT 44235","14"
"susan06@yahoo.com","pbkdf2:sha256:260000$7xTcahjQEh4QhpJ9$84491b795cc312aad7d8a0bd240672b8766456a12d38012e9d5c06adca01486b","Jared","Vaughn","1086 Johnson Path Apt. 155
South Tammyberg, NC 82490","457"
"william86@gmail.com","pbkdf2:sha256:260000$xNEVU39NbsewzuRx$a4d7c834ae6392d8feb33b837264d46e64405c1bc27ec3ec93c98bf572219e35","Lauren","Mcdaniel","01992 Emily Light
South Samuelmouth, IA 18566","427"
"michaelanderson@hotmail.com","pbkdf2:sha256:260000$1mxukClWpOvYGj0X$54e7d108e288d1047cd54a3ee8c722d900239a7628cbd255af7ca0c87fe84412","Brian","Richardson","42954 Walters Highway
Johnsonchester, MS 95905","199"
"deleonwilliam@gmail.com","pbkdf2:sha256:260000$MTAfE6pTpqXnaOtm$c0fe572060724bdce557dffa535286626b5d4568df911fc44537a293853aafb7","Maria","Harris","01575 Erica Land
Elizabethbury, OH 72804","221"
"joshua07@yahoo.com","pbkdf2:sha256:260000$HPOPVrfAYEMlbU2T$1f53791b2417b7843b68db7f47e5c6ec76db24bd65a8b247b46d759a8bd65da4","Heather","Davis","68971 Hansen Well
Moniquetown, IN 65740","311"
"leonardsutton@gmail.com","pbkdf2:sha256:260000$7vssu8GaSGPaP3qY$d8eb58ebd52c8fcc57639ae049076e39d06cc170f247b11b73ec2f0602e1c1fc","Patrick","Spears","Unit 7879 Box 9368
DPO AA 64290","390"
"hromero@hotmail.com","pbkdf2:sha256:260000$kbFUmzWQwQhEBGuD$c5db116d386b009c5489b7ca89c0b444198ed6b62c8450a8643fbbbbf5c1dee3","Debra","Aguilar","1140 Christine Shoals
South Jamie, MD 26932","392"
"angela30@gmail.com","pbkdf2:sha256:260000$luwTW8tM9YjH1wHM$c2c165908bc9c8064d3a40568a1b40fc630a2311cf00758ca5d9f0269741c4fe","Cody","Crawford","835 April Plains Suite 297
New Scott, NM 79664","1"
"ygraham@hotmail.com","pbkdf2:sha256:260000$Utm7O7iFL5M2YDH0$9d033fe0102266253c689e6dbc4a59edb64e0531196499d5debc4a853de5df33","Cynthia","Faulkner","1974 Patrick Summit Suite 394
North Ericshire, NM 08797","356"
"millerlori@yahoo.com","pbkdf2:sha256:260000$YaUWcoTaax1dEmY2$eb24fe211fda69f7a000f46f89d1f54e87bb37f7642da09c71040dcffd74e4d5","Kelly","Casey","3975 Joseph Keys
East Steven, DC 36784","228"
"pmartinez@yahoo.com","pbkdf2:sha256:260000$V0owvRuOpSL7sls4$296581594babdfe42c780168a07bd8e72c12b452cfa00043033ea7e5fc812a2d","Thomas","Patel","76031 Garcia Falls
South Alexis, MN 69377","136"
"stafforderic@gmail.com","pbkdf2:sha256:260000$Kg4Re3MdrpZG22xW$03126bc940fcce344c6290520b6c155ea3e59b00897caa2875173291867c393e","Johnny","Martinez","PSC 0367, Box 4656
APO AA 95684","369"
"smithsabrina@gmail.com","pbkdf2:sha256:260000$XM7OereS2jzqMPp3$986a101cfc6b0d52cbd05ad19d784d9a044b3158b01508203d4216fc70679af1","David","Turner","39140 Sheila Ferry
Lake Michael, KY 01682","410"
"rmiranda@hotmail.com","pbkdf2:sha256:260000$tHwoPyj0j9yK1V2I$a2c50ac625393732c38d186db968f0bcef673148c9fa86772c2b0d7d9ed4433f","Evelyn","Hendricks","7954 Stephen Throughway Apt. 184
Franklinchester, GA 80124","117"
"millersamuel@yahoo.com","pbkdf2:sha256:260000$s0QLNXFqznjmfrLV$9e0c26db3862015ce75cceb79807b17372bee2503c88969f2ae82cc500ff628c","Paula","Walter","0525 Christopher Fords
Shannonfort, ND 69503","302"
"cherylstewart@yahoo.com","pbkdf2:sha256:260000$cX5OBXvqvKXhqbgi$e8e085cf31cc2cfa68364876dc9632481fabf384017e4ab5cba507be5e909387","Derrick","Webb","520 Fox Expressway Suite 497
North Jasmine, PA 88434","483"
"santanajimmy@gmail.com","pbkdf2:sha256:260000$3yDxyFm36eJmLXvA$ffd85d33aadc14d75a139987ea0992f1a2ad1557f3b55a09368021d2b7b9b3e6","Patrick","Graves","49874 Farrell Orchard Suite 311
New Veronicashire, MA 96567","52"
"stephenbeck@yahoo.com","pbkdf2:sha256:260000$uSOYWF1I61iRkLW6$3723d380879e1fcb6ee37d5e5f7ea792241a08933c0363296705dc162414597e","Leah","Bell","94930 Madison Streets Apt. 622
Ryanhaven, IN 88294","461"
"palmercassandra@hotmail.com","pbkdf2:sha256:260000$AGO35JQkTPaKbIiz$bd20a0a397776f0d6ad0ddf893168aee4414a28dd68e07f2ad763a8defefe4ae","Dalton","Fritz","33319 Russell Village
New James, CO 25596","162"
"alisongreer@yahoo.com","pbkdf2:sha256:260000$BDwKoH3E4qzpLiMy$a69a84faf0541e3b79cffe881d4ed76f7b53d3c63d0a3a75090d3eaf15c24389","Madeline","Stevenson","3348 Curtis Street
Fosterberg, CA 38222","15"
"jasondavis@hotmail.com","pbkdf2:sha256:260000$I6wBiHIRt1dHOfQz$0f21aacc26262ea0e4bac85af8b2f1cd3d92e669c5c4b92566ea9cf12091c316","Valerie","Charles","496 Jeanette Divide Suite 055
Danafurt, AK 39361","11"
"markchan@gmail.com","pbkdf2:sha256:260000$Q4ebvrCRwAO8Iiih$4c794a978aaf7cf7a1711bb990cfc3a12fb0a012bd26e1dea409c457874451d2","James","Scott","742 Jared Green
Lake Anthonyport, RI 94947","13"
"castroallen@gmail.com","pbkdf2:sha256:260000$sB0vjrdxGJ6dmu6O$aba68b46f2133f6484d6c78d34c9d6f9b8c892f1b54d10ef8fd3b73f541cefb1","Jennifer","Garcia","18940 Samantha Creek Apt. 722
Scottburgh, VT 75335","332"
"caleb01@yahoo.com","pbkdf2:sha256:260000$gHuIa2hYk3QHeGRP$acc561f2a2eaa1e17a03a0b884a95646048763f89d5a4f15c1dec53960bfd49c","Keith","Jones","431 Johnson Neck Suite 039
Mariechester, VT 67849","277"
"guerrerothomas@hotmail.com","pbkdf2:sha256:260000$hCpmC8BlxeCybKlb$00f529f2f876becfd18ffd868aa2cc0f2e216f031908a61cf7820b15ab452616","Lori","Moore","20866 Keith Mill
Susanton, NJ 21190","4"
"allison58@hotmail.com","pbkdf2:sha256:260000$NJ6TRRbhejJlpjH6$751b0e023e12e9a5ddc22b031720383b08247f9a51099d427c6c40631dd2c099","Ariel","Freeman","125 Dixon Common
Lake Natashabury, VA 50064","480"
"jeremy24@yahoo.com","pbkdf2:sha256:260000$45s2M7CJSRUBWYu1$df2ae64772e02503dfb44cac2ba3f1826d6783f75eeb67282879de5e6bd260ef","Randy","Bernard","0684 Samantha Cape
Jennifermouth, MT 01521","451"
"johnny46@hotmail.com","pbkdf2:sha256:260000$sLJndoM1FFyVkDcm$e17dce19c4e9062c548f957291b2d205657044d4bec027b7af34030b9569f9ed","Timothy","Kerr","2648 Flores Stream
Henryville, PA 41804","195"
"james07@yahoo.com","pbkdf2:sha256:260000$8r0McW6uKi1H8nrM$4277548ab65989a077d07d46929bbebd8bfcb2bd749acd4a25969387a2273d90","William","Crawford","5830 Nielsen Greens Suite 891
Patriciahaven, FL 08869","351"
"marquezpaula@hotmail.com","pbkdf2:sha256:260000$BDooczdL3LBkE5eN$6e21f88e8f019b051a75945494f0771b8465bd8070b90ac8aaf36015f68f3317","Jonathan","Davis","45116 Blake Inlet Suite 034
East Melanie, NJ 32055","110"
"josephmason@hotmail.com","pbkdf2:sha256:260000$T2sFKUe8Peb1K3ee$d6430034c8b17fca276a79ec230e17f642a71dcb51b9a518f28dcfd5c190ed07","Kathryn","Noble","15233 Keller Wall Suite 978
Kimtown, TX 81993","496"
"richard56@yahoo.com","pbkdf2:sha256:260000$kfkv9i6OTPE1PZ2S$df93032d7386edad78db9fbff262ba609c8ed80a58db5a79cc49c1c38d9a86f7","Daniel","Cortez","31925 Ware Trail Suite 586
Riveraview, ME 58653","216"
"fosterbryan@yahoo.com","pbkdf2:sha256:260000$00EUJCBtpMJWxSO6$e1c049733fa052fa197b26a452a1c16e59d8abff09c0f77ec5af12672e6f792e","Kenneth","Boyd","61322 Hill Springs
Garymouth, CT 99406","371"
"anthonyvincent@yahoo.com","pbkdf2:sha256:260000$4oXS3mPZZETFyWpQ$4e0bc159a43a8aaba55de1ca3e0f0bfc3ec27ba02c06fe867c4574d0f87d8142","Renee","Moore","5285 Lisa Course
North James, VT 86261","14"
"sawyersamuel@yahoo.com","pbkdf2:sha256:260000$cSS91wr2rjv27eXZ$9e76d47cd2dede2e1d61528b2f15a36c4167dcfbf9d119f1b45238c62919a045","Alyssa","Farley","938 Jason Summit
Gallowayville, GA 21419","270"
"gstone@yahoo.com","pbkdf2:sha256:260000$jSiPUViKonGt3Nk5$7da13987acb9d7675158bc98aeb5fb5d7b62e2b55cd9d32335efeaa1d2064209","Alexis","Williams","810 Ralph Via
Georgefurt, TN 42292","113"
"kevinflores@gmail.com","pbkdf2:sha256:260000$GuJPO8HnhUJgsImr$55b429eb47081bf0a1cf7ec90c341eb8279fda28b7469fed2816384495c6b3c7","Jasmine","Castro","983 William Oval
New Jessica, DE 20592","391"
"gordon43@hotmail.com","pbkdf2:sha256:260000$ZojSQIpxk1Vl9drO$8e69e932add2b6c8668f0e517d1f11b8f6cab2bdda6deea367e59607e14cf8b0","Joseph","Williams","411 Craig Knoll
East Lauren, VA 97386","224"
"kennethwashington@gmail.com","pbkdf2:sha256:260000$YdELKXiack4f1qdA$ebc0c453fa0ea3f8207dc70515822c3fe77169cc2d3700152a80963e7bceca9d","Jennifer","Marsh","41694 Ashlee Lodge Suite 853
East Denise, DE 70663","480"
"hamiltonchristopher@gmail.com","pbkdf2:sha256:260000$cyZIN48eyFGYOwtg$0d271346879d8b9b8ef5b22058444a823862de7795169f8d3e41576423483438","Anne","Michael","535 Rowland Stravenue Suite 306
Richardtown, DE 41691","253"
"nsmith@hotmail.com","pbkdf2:sha256:260000$hkorpzBfIMBts3Y6$ed3247ec016a4f5b872aaf6e810b3280231acab6f61530413096bb5e86737d73","Joshua","Duke","23312 Bob Points
New Marychester, SD 59471","283"
"jennaarnold@yahoo.com","pbkdf2:sha256:260000$tZkeJZcy2IY4j5Ze$743b66421f3866a1f4710f38238ac60e87a3bd25d953cbbe1ce16b387f091137","Susan","Turner","5099 Rodriguez Square Apt. 267
Lisaview, TX 98607","119"
"scottzimmerman@hotmail.com","pbkdf2:sha256:260000$Vp0ipWfIVDn8fBez$4d55259f4e26c426e2920f440e8db582a7fa62e6e132c948c16f951355e02715","Julie","Dominguez","46894 Matthew Prairie
Josephbury, WA 68649","176"
"bonnie89@gmail.com","pbkdf2:sha256:260000$ZyzXtQsxyNqhKog1$bbbde2eb570d82a52e9fe7431db578d6369748a1d3211aa215dfb1b14df9e17d","Dwayne","Osborne","1955 Robert Lake Suite 238
New Dennis, NY 15122","118"
"cindy30@gmail.com","pbkdf2:sha256:260000$paxFZtgfEl9Cpwvc$a7d36b0a3b2abdd6d6c2fd3d71c7e1a1fd81aefd6ea3d64fd41ed31d356e523a","Antonio","Thompson","24075 Lin Pass Apt. 490
Dominguezview, MN 02536","346"
"qhenderson@gmail.com","pbkdf2:sha256:260000$TIrMK6SIiACCcr5b$64d34491c02275eb5ba20017c2655187c25b9a46956dd0b30d4f1df99cac60a1","Yolanda","King","64598 Jefferson Point Apt. 056
Nortonshire, IN 16140","112"
"nancyturner@hotmail.com","pbkdf2:sha256:260000$9fkqR86HIMO4Loja$140d1a3cf5b15a9d1a5ccd092da66c1392cebb7088675e15872e28f7165bc19a","Richard","Woodward","8379 Ashlee Port Apt. 461
North Markville, LA 13324","389"
"bradley51@hotmail.com","pbkdf2:sha256:260000$krfh2gpD903Hzvz1$6d6cd05d123aa5503eb5c6e109538e6368345b83649f14700c8448ec38a5d52c","Jeremy","Costa","60980 Brian Road Suite 750
Rodriguezview, WA 06223","235"
"matthewpetersen@hotmail.com","pbkdf2:sha256:260000$dPjKY4heMubLpCIy$4c8b934eae895225f4426d1082c16c89e6b6a8832e75e7263b2333bf564de249","Robert","Dunn","46977 Rivera Route
Port Caleb, ND 66244","487"
"uhill@hotmail.com","pbkdf2:sha256:260000$FTpKubtRzk7sBShr$f2b78a6991f5cdde6abb53f6d23a3c4d31da77e15afe16f80674017fb1d08a12","Tonya","Andersen","473 Joseph River
East Dennis, VT 04136","148"
"lisa79@yahoo.com","pbkdf2:sha256:260000$cOtekmPr6qI7r1vk$6e06e2b819e7ce0a108f50f896adfbd1dd582814e0608ba3f353ecddf3cea20b","Stephen","Bernard","2082 Russell Station Apt. 498
North Jerryshire, TN 99461","474"
"richardsonjerry@yahoo.com","pbkdf2:sha256:260000$N1eZVnsGpHjWD7QR$9a1b43c3256977d929d851c26fb9a863ab09c98549da7565af9683431cf1c1f2","Amanda","Gonzalez","2039 Wall Mission Suite 006
Piercetown, GA 89103","11"
"jmcmahon@gmail.com","pbkdf2:sha256:260000$zgs51SLRAkZq0yfc$c3dd9203cacd7f46d67629406baa3ea65255b41d9136622ac8c7ce22ab622d39","Jimmy","Walker","4101 Savage Park
South Lorraine, VA 53629","213"
"wrightkaylee@hotmail.com","pbkdf2:sha256:260000$rRa0SAXeT13Vbzvp$0ccc6009524a1b268649e31b26f2b3eddf0a633b41b9cdc672ee20ab61ffc85b","Austin","Holland","08987 Ramirez Avenue
Bellchester, UT 04795","428"
"danielbernard@gmail.com","pbkdf2:sha256:260000$GFtsNUISWp49tjXw$2268d0c73582bb45dd7d72e0a95741ec462a5ba17e4e9b678512f84905089124","Molly","Fuller","848 Eric Knoll
North Justinchester, KS 69953","469"
"wbrown@gmail.com","pbkdf2:sha256:260000$NRdJALjhiF8k3IpA$6f54893ede98b1b495a9481325baca00d985c0f250c148d52c907416585ea1d1","Doris","Kaiser","16581 Gregory River
Port Angela, VT 66142","284"
"ofernandez@yahoo.com","pbkdf2:sha256:260000$tVU78lBMU7zJaqpW$47803d164fa28ac0c710d6c123c6da2e970bf1ebf03505c949562f695d2ae1ff","Tyler","Curtis","57654 Ponce Meadow
South Erica, NH 18794","472"
"conradthomas@yahoo.com","pbkdf2:sha256:260000$bLtCf5lAEcNKb3aQ$37156743744fb3ab84e25d994812eda9aeeec165e2017281c83d0d1ad9c85224","Angela","Tucker","62799 Armstrong Avenue Apt. 932
South Tonya, ID 01948","328"
"savannahsoto@hotmail.com","pbkdf2:sha256:260000$tQ0yPtPF185Z3HV3$41f5d8b3d5119dfdc2ee3e263e03e95154009a9cb65a0c059b42417c9f65fa31","Robert","Gould","5565 Powers Avenue Apt. 753
West Alexanderchester, OR 56221","51"
"debra49@yahoo.com","pbkdf2:sha256:260000$QEFoomO3uPWm7HgU$da3c4fc4a1c9c73f05bd144633a0367f2ac13ab19b7507033231c03af288a5f4","Cody","Morris","46670 Orozco Walks Suite 505
Diazmouth, CA 12755","95"
"edward63@gmail.com","pbkdf2:sha256:260000$hxpuxCpJGNozHc8I$a6ce4f2329dbbc055e426f10fb7e0413317a43978537aa695218989306e52f0b","Valerie","Jacobs","2337 Tina Trafficway
Lisaborough, OK 94452","322"
"deborah77@gmail.com","pbkdf2:sha256:260000$fQWBKTA6AB3sT2WX$4a717b7180926d45f38ce83ec7dd0e61b670ce8a7cd5739862cd2f46dd5fbd3c","Deanna","Holt","189 Johnson Flats Suite 066
North Tiffany, MA 54902","370"
"opoole@hotmail.com","pbkdf2:sha256:260000$pD7zAX3qtFUxklEJ$b33fd6564fa8413730c5872492fa08ecb37f96c0064ef36e13fe08debbcbab0c","Larry","Palmer","58718 Camacho Cove Suite 092
Elizabethburgh, NJ 29866","440"
"dwells@hotmail.com","pbkdf2:sha256:260000$azIxcmN5Bw5XcVqL$bd3f4dced59e3adccc53f0f77b90532720d51c10e0dd017cbbeb833f1769e077","Kristina","Higgins","824 Roberson Port Apt. 542
Martinborough, DC 98148","151"
"qstephenson@hotmail.com","pbkdf2:sha256:260000$PJGxRrzv0OKdmbxl$58046ad186663643ba404cca61529cef86a80a311faf244d4de7729f74f0f0c1","Shawn","Matthews","46432 Gina Route
West Johnny, CT 19932","61"
"jeffreysmith@gmail.com","pbkdf2:sha256:260000$6IpoqiltdIHZAZeR$870f67f4c21147c5b32d9260eba9a9e54e080bf0902e0bd30bef4afba314dc53","Samantha","Parrish","USCGC Blackburn
FPO AA 75632","380"
"marydaniel@yahoo.com","pbkdf2:sha256:260000$XCJryardr6EqiCZL$ff1877b02433249927633f3562125c13e764342e8f67e7bcf74e4604b9f09479","Tonya","Jacobs","Unit 6430 Box 0927
DPO AP 20036","170"
"jerrybrooks@hotmail.com","pbkdf2:sha256:260000$RTSfjHb68kwYOEJm$eeabd4a495dee15f274b489670c4a46014ed318f57d81bc28b70763d3b0e5f7e","John","Beck","304 Paul Mall
Douglasfurt, DC 54863","458"
"mcbridemary@gmail.com","pbkdf2:sha256:260000$eCLFaJCjuZRUMmGx$5ccbbe03f25c4964362b82df8d8fa71a924cfd352d2d3cb1710a8b08d624d1d0","Laurie","Underwood","229 Case Shoal Suite 948
Lake Jennifer, TX 47367","369"
"ycolon@yahoo.com","pbkdf2:sha256:260000$HOPQTc4dZgqpkIi3$4c0911371656659a958c738b4b634fcea3482e64faac166b3a90013505747d71","Linda","Orozco","Unit 4616 Box 6533
DPO AE 79485","498"
"michael74@yahoo.com","pbkdf2:sha256:260000$7J1M91YbQ60BMMtA$00b408c5a5cdd78af2bda41ff6f2d1a1f67b16175ae7b56c28e4de4b71787f7c","Kimberly","Park","1123 Ferguson Circle Suite 287
North John, PA 04644","364"
"dillonwest@yahoo.com","pbkdf2:sha256:260000$yWhQySjNVdS5p00p$804ac73eff5ca7e4f5be061e0b0e3e95cf8955d1f5d189fc95309f4dbab70a27","Cynthia","Lyons","9204 Ware Rapid
Lake Zachary, OH 28651","256"
"sarabender@hotmail.com","pbkdf2:sha256:260000$n0KD4hb31g8jdfJt$9509d229a3001643213b0a2cf42aadcd371d2a25a306a7ae90d0c10daab40359","Daniel","Hall","USNS Cisneros
FPO AP 07096","479"
"jeremy83@hotmail.com","pbkdf2:sha256:260000$QupPMMsG3MM2CXnH$83865022853657c26066abad6c879e664f96f0a32947113a1bf95a19758571e7","Spencer","Duncan","1604 Perry Island Suite 400
Cortezville, AZ 28041","495"
"jonathan73@yahoo.com","pbkdf2:sha256:260000$ipLple3rqzfaC4dc$529fc3bad65521a9256a74f370910a80bddfc1fb31ed6d803a5e272f99c8128b","Cheryl","Acosta","9928 Leach Cove Apt. 182
Mooreton, IL 16060","216"
"alexandramitchell@gmail.com","pbkdf2:sha256:260000$CrARuoPojXv2R6E2$0959a1eb89552466833c4e441a8663314300cd64fb3c6d405e394c9cc7d3bb21","Matthew","DDS","2898 Scott Shoal
West Ryanchester, AL 65745","259"
"mathew17@hotmail.com","pbkdf2:sha256:260000$KqlzE9TscN01mnH6$796d1d6688ff19d74c643049012ed8c8d9176b56a49b0fae1e016c89bfdb4c3a","Angela","Peterson","134 Garrett Curve
Sarahview, AL 31826","424"
"pgriffin@yahoo.com","pbkdf2:sha256:260000$Ylg7ayREb9xfCtsc$31fc171ab6efe30c1959e59eab327b7e782096ab80923c74d18fca5e0168507b","Adrienne","Friedman","09420 Ramos Walks Apt. 671
South Emilychester, KY 17264","466"
"kennethwilliams@gmail.com","pbkdf2:sha256:260000$Vg2cV6WfzAgyrYkq$5095c2796bf8d8e955eee4813e4e2121239f45d1b80c41a8f1d4c84322331ecb","Donald","Thompson","145 Roberts Common Suite 347
East Lindseyville, MA 56035","343"
"shawnharris@gmail.com","pbkdf2:sha256:260000$Ylafvym89eJMdpqk$f7cb986482d381911df2e236150b2542b6f735f71e3c9642e3f478f0475f4b02","Bryan","Scott","03107 Kristopher Parkways
Jenniferchester, WI 32030","97"
