"natty@gmail.com","pbkdf2:sha256:260000$xJU8mnNONzxu9jWh$86cfae496e9866bef85e766af7f1a42c62a57a9e155e066cb28825c62db19cf3","Nathaniel","Friedman","123 Rd","9999"
"tamaramorrison@hotmail.com","pbkdf2:sha256:260000$fbM8Kt9F6Tl7oQvO$6c8173d390faf90ad54cb18b1dc4115bef4abbb9c8a494a0b169ae0a8c63b166","Gary","Cross","711 Golden Overpass
West Andreaville, MA 71317","68"
"martha10@hotmail.com","pbkdf2:sha256:260000$Mf682A3qhY27QIXb$abfc8c9d54b6b2a185ab1551972cf1f002d514f47c81459e9c9338074e0d86f1","Denise","Thornton","30989 Anthony Roads
New Maria, MO 12498","291"
"deborah64@gmail.com","pbkdf2:sha256:260000$QWVyLG6Ur2VFJuwW$ae909eeca2d949d21e2fd2c9d5c0019810aae11700053eb029634ce22b1536c2","Jeanne","Green","22584 Candice Mills
North Thomas, OK 67164","433"
"franklinjames@yahoo.com","pbkdf2:sha256:260000$KdNHjfpqMdDkXco5$ce8d0c18da34c8bf88187ccd7767a8e02bec9a88bec56dbc9870ee6628141b90","John","Hoffman","63812 Richard Springs Suite 503
Lake Karenhaven, CT 25464","410"
"samanthasims@yahoo.com","pbkdf2:sha256:260000$mTOoivziKwXRPZiE$e0234e65edb9e2af7c82b4b97edc57fe4ab6e4fd88741f47c9423750746cd6e5","Timothy","Parker","87755 Timothy Squares
Simmonsport, WA 90561","391"
"taguilar@hotmail.com","pbkdf2:sha256:260000$0xOL9TFJVQPpKD61$8b9dbf313784b66a6a496a98cda6a48f3058f3a9719f6477c5e8eb25c6fc4627","Linda","Freeman","577 Amy Forges Apt. 555
New Eddieview, WY 20935","32"
"georgedavid@yahoo.com","pbkdf2:sha256:260000$hm5SToOJkkEX870c$e2071a390130e44be87e72c69ebad2df1b77a945faf0ad47b908daa6a735d7b8","Sandra","Brown","256 Cheryl Lights
Williamsfort, FL 03152","130"
"chad50@yahoo.com","pbkdf2:sha256:260000$Y9SZN8cgBJtI9RTM$79a4a35f5036bb9041aa717fc7e8df80504cd48c0420813576eb31049bfc50cc","Paula","Wilkerson","16116 Jessica Burgs Suite 660
Calhounmouth, KS 10795","60"
"jyang@hotmail.com","pbkdf2:sha256:260000$iMspoqfTDggCTfVG$ee4d976bb42404283f7eb80b27214a00311df06433bce5d05f1b5fd8493ae8be","Willie","Garcia","332 Watson Shore Apt. 290
Millerland, MT 39742","253"
"bramirez@gmail.com","pbkdf2:sha256:260000$ytI6aNDEuhHJIPMq$3ef3e95447c0938bc04b2cac46ff3ab613aabfde126898fbbc2e5340b5bbea6b","Michael","Montgomery","Unit 4892 Box 6717
DPO AE 71770","389"
"kellypeter@gmail.com","pbkdf2:sha256:260000$KfJspYyF236jnk9u$aa93f17c57e6a1055250e6e6a1f7999d6ed796988ec4d8130906847d05319fae","Melissa","James","637 Neal Island Suite 074
Lake Tyler, RI 28775","230"
"tarasanders@gmail.com","pbkdf2:sha256:260000$aus1qgBMVomRdx96$549904c04be0d7c6867f0bca3721f7b95c8cf99717560941d8a54d449c483ee3","Lisa","Bush","774 Lewis Grove Apt. 002
Adamtown, CA 56566","241"
"virginia18@yahoo.com","pbkdf2:sha256:260000$3yGpkQ8ux2WY0xxv$fbd687db8484dff344b319f43c9f97ff72cff8db9f4da853eb085676ce31ba61","Bruce","Miller","9168 Williams Falls
South Jeffrey, KY 46651","333"
"jensenanthony@hotmail.com","pbkdf2:sha256:260000$bbSsFlG9j4GTA55c$f30cf0c7cc0e1c19d07a0e1a0b334a635b80f55bade7df70ae8227575bf6b6f1","Mark","Burnett","37933 Lisa Trace
Gomezshire, SC 65835","194"
"kmalone@gmail.com","pbkdf2:sha256:260000$AJpsbYB9rssUOteP$3ac4dce193fb9d2db589e69896d4cac2b572e868200b4412b5f47c9c3359c9f0","Courtney","Valdez","76254 Debra Stream
Reyeschester, KS 70454","403"
"kingerin@hotmail.com","pbkdf2:sha256:260000$RUwgD10YtITvvslY$e7f355ca6c66d18531b980f8bbe6289450fd9dc1fe6de4d937cae33ed8c74ebb","Henry","Moss","48487 Kendra Ports Suite 076
South Michaelton, KY 97488","107"
"meganbrady@gmail.com","pbkdf2:sha256:260000$7zNWN041cXVTGbGV$0f00e9eebcd2ab2b8d5df583788972cf02ee5ac587873b535052d686a8f02203","Amy","Fowler","4440 Osborne Viaduct Suite 488
Veronicaborough, WY 57084","48"
"kgomez@gmail.com","pbkdf2:sha256:260000$KHLscjhzLPBl9DK0$1674ddb115877745b7f14e60028b7ed20981335e5aea03552f537c2e83d46c15","Tammy","Reilly","514 Travis Track Suite 366
Rowefurt, AZ 76875","249"
"thomaspeters@hotmail.com","pbkdf2:sha256:260000$764K9IkTyoxKY04S$35e08734b9fa0ca88720e744fc3b161e5ac2ce4dd02e606ff7ad9324172b3e08","Robin","Harris","78209 Darlene Bypass Suite 137
Port Stephen, VT 44235","14"
"susan06@yahoo.com","pbkdf2:sha256:260000$IQVAlXB5ahFjzOTg$bbed447f4d251c38ad42ed5329f2158672f135f389965ec1695fb8d4c379697e","Jared","Vaughn","1086 Johnson Path Apt. 155
South Tammyberg, NC 82490","457"
"william86@gmail.com","pbkdf2:sha256:260000$rAbcZ98TUlwjQCIh$0ff5cc0108ed923b792974dde4fa14fcc76210b64d7caee4d019f415c548e9ff","Lauren","Mcdaniel","01992 Emily Light
South Samuelmouth, IA 18566","427"
"michaelanderson@hotmail.com","pbkdf2:sha256:260000$z4jbFyUjLwYNqzoN$144cf1603753c8f67d3c368f7cfa0a4d7796b3ca3c3a4d95c4e9a9975c53f7cf","Brian","Richardson","42954 Walters Highway
Johnsonchester, MS 95905","199"
"deleonwilliam@gmail.com","pbkdf2:sha256:260000$scb0JVDDgKyIljgG$2fea5fe44bb60a902617e0d21e81b96421462095d183f8a434f06d75de7e7a2e","Maria","Harris","01575 Erica Land
Elizabethbury, OH 72804","221"
"joshua07@yahoo.com","pbkdf2:sha256:260000$6Z5OKGl74fi4Cred$483741e3c2b54e08451bd265e423dce3e187f4c3b3d79ec5aa02f7d5f102a28e","Heather","Davis","68971 Hansen Well
Moniquetown, IN 65740","311"
"leonardsutton@gmail.com","pbkdf2:sha256:260000$7nQub3jJCoQONilW$088f8fa032acaf72abebc2f5dd9fafea0002fbee8652fe5edc6b0348ad93807d","Patrick","Spears","Unit 7879 Box 9368
DPO AA 64290","390"
"hromero@hotmail.com","pbkdf2:sha256:260000$EEbiGhKEQ2uhR9bA$ae85eacc8b1ccfafe5b79875d31e76b32e83075220cac27ea2be6a1d410a4ba1","Debra","Aguilar","1140 Christine Shoals
South Jamie, MD 26932","392"
"angela30@gmail.com","pbkdf2:sha256:260000$pKbHvbp1reoe51sG$bad966f9bc7110dd071e921da0d7af5bea1605126a86036b7339c85de217dde8","Cody","Crawford","835 April Plains Suite 297
New Scott, NM 79664","1"
"ygraham@hotmail.com","pbkdf2:sha256:260000$SEJFmQccBZavAEOv$ad31faf2fe2ca0db1d57cc20a9fbb87203ea68ca5aee25305e52768aa66c1610","Cynthia","Faulkner","1974 Patrick Summit Suite 394
North Ericshire, NM 08797","356"
"millerlori@yahoo.com","pbkdf2:sha256:260000$koGOqEtyDtR4kgcq$ef46d37e90f8ca50b60b578db661fc0718a8a90e3189544273a552bc6029f9a7","Kelly","Casey","3975 Joseph Keys
East Steven, DC 36784","228"
"pmartinez@yahoo.com","pbkdf2:sha256:260000$LbOO1DX57QqKXwLB$898920b0dd8a2a4c9eae786931ff35ba468dbfcc6586b1395c79c134cbd398b1","Thomas","Patel","76031 Garcia Falls
South Alexis, MN 69377","136"
"stafforderic@gmail.com","pbkdf2:sha256:260000$yPb3lm6cA1Z9GQHt$484a4e5000710ab30ea8c0e1ccb6952a8dcff8b5910813454e26611dac136d71","Johnny","Martinez","PSC 0367, Box 4656
APO AA 95684","369"
"smithsabrina@gmail.com","pbkdf2:sha256:260000$ctkrLFjR6f79qhgh$91b23beffeb5e6c750077232589148294b7b0d4a97766a598cafc7ab9647dba4","David","Turner","39140 Sheila Ferry
Lake Michael, KY 01682","410"
"rmiranda@hotmail.com","pbkdf2:sha256:260000$mCtnRBeQ0ivmSSz8$de57d8469b10bc51325007e87378c91e447b04f03853166aec3275cb7d6be8a6","Evelyn","Hendricks","7954 Stephen Throughway Apt. 184
Franklinchester, GA 80124","117"
"millersamuel@yahoo.com","pbkdf2:sha256:260000$1bZhklEwTe3TMSKw$e1af7717d1360d3e4ba9c17fa8f4780b12d20975f0b3ce8a035bd7bfe1ec21af","Paula","Walter","0525 Christopher Fords
Shannonfort, ND 69503","302"
"cherylstewart@yahoo.com","pbkdf2:sha256:260000$EAFl2rHut6W1YRgM$6e3f49a58478dc91a638d8361186d4cf9d206e9019d4d93bbb198c92f809d72a","Derrick","Webb","520 Fox Expressway Suite 497
North Jasmine, PA 88434","483"
"santanajimmy@gmail.com","pbkdf2:sha256:260000$5vqkumRA6Nafa5kb$6bed86712f07df69f25a4c31d8bc572eaff1d2dcd61487197e29b7bb32be86cd","Patrick","Graves","49874 Farrell Orchard Suite 311
New Veronicashire, MA 96567","52"
"stephenbeck@yahoo.com","pbkdf2:sha256:260000$rEBmsdHtXdGQjILe$f80389b8cb846721a53fa2a72f589b2b8c4bce7b5e68713c97ddaf114820b4b6","Leah","Bell","94930 Madison Streets Apt. 622
Ryanhaven, IN 88294","461"
"palmercassandra@hotmail.com","pbkdf2:sha256:260000$lXa8yQC8czhqYACo$4528615c2c14f711466336c76120f136fb419bc54ef307b4879b879a5f835f5e","Dalton","Fritz","33319 Russell Village
New James, CO 25596","162"
"alisongreer@yahoo.com","pbkdf2:sha256:260000$fhTRSHPBi6rmMZJh$6d9298a11e94727c44a6fc2b4a020f1a5c5d956754cd0d1a546584f50619928e","Madeline","Stevenson","3348 Curtis Street
Fosterberg, CA 38222","15"
"jasondavis@hotmail.com","pbkdf2:sha256:260000$56W4g0x68b9KoDBT$40aca6528d45e416b4dac1416fc6bb1c61a21f9bde46d42430abb12559db49e0","Valerie","Charles","496 Jeanette Divide Suite 055
Danafurt, AK 39361","11"
"markchan@gmail.com","pbkdf2:sha256:260000$c6HRFyO4aU7bINDv$434875142ab7a17ef08eb00c7e0b4f774484beacca5d7acbad72ce40b9500f3e","James","Scott","742 Jared Green
Lake Anthonyport, RI 94947","13"
"castroallen@gmail.com","pbkdf2:sha256:260000$pCqGoZlarqIqucd4$c6a4148944de515eef3710593524210176b52eb101d8d73532ed3634891e5d05","Jennifer","Garcia","18940 Samantha Creek Apt. 722
Scottburgh, VT 75335","332"
"caleb01@yahoo.com","pbkdf2:sha256:260000$Y5xlij0BUO8XJt9r$c54e85f4c00165600ca60c6f824e90444958d7c3518b02ae6bfc91c717575a01","Keith","Jones","431 Johnson Neck Suite 039
Mariechester, VT 67849","277"
"guerrerothomas@hotmail.com","pbkdf2:sha256:260000$LsQDIkNo115Sc3gm$7a49fddb33f262d91365efa9e1bfe21e8c533c43b3be81d0d6dee114abec3af9","Lori","Moore","20866 Keith Mill
Susanton, NJ 21190","4"
"allison58@hotmail.com","pbkdf2:sha256:260000$pFi0BQIWOAtgDtHk$ed9ede21f2e2219c6cf58882da7a58573b5e9dbd7cf64f19b0def1bc5a9f8612","Ariel","Freeman","125 Dixon Common
Lake Natashabury, VA 50064","480"
"jeremy24@yahoo.com","pbkdf2:sha256:260000$LCo36ZlznQYaAqBY$4d7ad425306373282b5ab64de2b73f691ef131ff486a023a732f2f1486c46df5","Randy","Bernard","0684 Samantha Cape
Jennifermouth, MT 01521","451"
"johnny46@hotmail.com","pbkdf2:sha256:260000$AEwnqueBR9y2tpNv$1c7a9fe56039e0d0aab6331f9e8844cdce77eec8fa390ab9d94fa6f33e1f296f","Timothy","Kerr","2648 Flores Stream
Henryville, PA 41804","195"
"james07@yahoo.com","pbkdf2:sha256:260000$SuCPkb94CotuYT3l$93df8a7363ddfc1235e0d2ca6786d98ea3d8fd24265e82dcf12f22e214550df4","William","Crawford","5830 Nielsen Greens Suite 891
Patriciahaven, FL 08869","351"
"marquezpaula@hotmail.com","pbkdf2:sha256:260000$8MF3288SnedcRyPP$42269587dc5202a5cdd239bbdc4208b93317afca6091d93b2d0d0b78ffaf220d","Jonathan","Davis","45116 Blake Inlet Suite 034
East Melanie, NJ 32055","110"
"josephmason@hotmail.com","pbkdf2:sha256:260000$dB3HWji8Mm5fTVu3$bf71d2cebbdb6616c26ae6891750b7c1303cb9bb3527b0d77e5c83653fd7d8ca","Kathryn","Noble","15233 Keller Wall Suite 978
Kimtown, TX 81993","496"
"richard56@yahoo.com","pbkdf2:sha256:260000$KRFz32duqpC7aC1e$b5ddcee9aaf0a15107b0c82a33f840bfbd5180f447151dc28e7ec8fc5d7eaade","Daniel","Cortez","31925 Ware Trail Suite 586
Riveraview, ME 58653","216"
"fosterbryan@yahoo.com","pbkdf2:sha256:260000$ZcPinAXH4PqJOijH$d40f6652e66881840692f9f651898e88ed4c8efe8f1036727fdb1b53e31ff4e3","Kenneth","Boyd","61322 Hill Springs
Garymouth, CT 99406","371"
"anthonyvincent@yahoo.com","pbkdf2:sha256:260000$LMQK0ayAlzb0Q6bk$19560a99d21d7e452f68220eb501632da49ad06a466b49c455750c9763a0b05a","Renee","Moore","5285 Lisa Course
North James, VT 86261","14"
"sawyersamuel@yahoo.com","pbkdf2:sha256:260000$quIobKncA0jwErMF$7ef523dacbb9172d3e11227a195118cdc81c35c1eaa04d40db8d7482121295cc","Alyssa","Farley","938 Jason Summit
Gallowayville, GA 21419","270"
"gstone@yahoo.com","pbkdf2:sha256:260000$q2gK3LFcmXOK5VWu$805101633dcc2d2b646340338211168667b445bff15a9e1e2c0fd1a533fc15f9","Alexis","Williams","810 Ralph Via
Georgefurt, TN 42292","113"
"kevinflores@gmail.com","pbkdf2:sha256:260000$EqIiZmzPwVXVbudh$1df9241e6cf61a6ab0a6a5491fa6dbe6f7224b8b69ce00aba70791302735e181","Jasmine","Castro","983 William Oval
New Jessica, DE 20592","391"
"gordon43@hotmail.com","pbkdf2:sha256:260000$bm7Ukg4eF59f2QHr$d50003a26be78b95837ab3e46ec9a09a63e931fe7e71ecfcdc7a353219cb29e2","Joseph","Williams","411 Craig Knoll
East Lauren, VA 97386","224"
"kennethwashington@gmail.com","pbkdf2:sha256:260000$08JvM98P0r8Len5X$8f661afdedc5457a4f2ea6181a887790dcbf6aa656abdcab5ac39e7fe6326eb6","Jennifer","Marsh","41694 Ashlee Lodge Suite 853
East Denise, DE 70663","480"
"hamiltonchristopher@gmail.com","pbkdf2:sha256:260000$BXmbJMaIaHqbgusi$265ad73c6606c2b2dedd26f12adbf3d138e075dc73474e4b8de93c7c723792ba","Anne","Michael","535 Rowland Stravenue Suite 306
Richardtown, DE 41691","253"
"nsmith@hotmail.com","pbkdf2:sha256:260000$JJ9wzgo5hE4AABl0$0398ddbfd50ff2c51e0757e8ab5e84b95b7540a7bc2868f1bf0fb0f7c4d4e762","Joshua","Duke","23312 Bob Points
New Marychester, SD 59471","283"
"jennaarnold@yahoo.com","pbkdf2:sha256:260000$Mo2XMlw6KgEOuX5e$4bb9f25c13ed7ae3d2754bf58e86eed5f992eed63a45cc3092fca108367539f6","Susan","Turner","5099 Rodriguez Square Apt. 267
Lisaview, TX 98607","119"
"scottzimmerman@hotmail.com","pbkdf2:sha256:260000$PSsPDktg6O6sPCi3$8bb9bf7316924720cc15368b6f833de82295827ce701b444a69418efffe0f791","Julie","Dominguez","46894 Matthew Prairie
Josephbury, WA 68649","176"
"bonnie89@gmail.com","pbkdf2:sha256:260000$0hLpJHp0aCJUvKpx$861712bb26141163e40c5a839f31eee2c4c6aaed48b43e91973a039450ac7ced","Dwayne","Osborne","1955 Robert Lake Suite 238
New Dennis, NY 15122","118"
"cindy30@gmail.com","pbkdf2:sha256:260000$dC6VAM20V91OOA9h$527e15a1b01481273eb08c48c18bbd14058ada9cad35dffd93b1d8ecaaa06471","Antonio","Thompson","24075 Lin Pass Apt. 490
Dominguezview, MN 02536","346"
"qhenderson@gmail.com","pbkdf2:sha256:260000$nfq8KohuBC09IvoX$82b34aeee5f4cec15c392342ddff7f55217149b61592f1ac53dd3f849bccfb27","Yolanda","King","64598 Jefferson Point Apt. 056
Nortonshire, IN 16140","112"
"nancyturner@hotmail.com","pbkdf2:sha256:260000$31ycdct7codXGE9A$85f0735527a87a10ed4206ca48a01b3a9fe3246bd33b0d4e23357023006979da","Richard","Woodward","8379 Ashlee Port Apt. 461
North Markville, LA 13324","389"
"bradley51@hotmail.com","pbkdf2:sha256:260000$vf1meMYTgxLGiZKB$a6d44eb2348cc944c1d95bc67d514b43e2651a9156681b0ffbaa37bb73e28dbf","Jeremy","Costa","60980 Brian Road Suite 750
Rodriguezview, WA 06223","235"
"matthewpetersen@hotmail.com","pbkdf2:sha256:260000$AUj2Fs92GnMslgfe$16be94df94d61fbf60e46009db0a280d73500d7a2a44cdc75328697bbce46d59","Robert","Dunn","46977 Rivera Route
Port Caleb, ND 66244","487"
"uhill@hotmail.com","pbkdf2:sha256:260000$aEJhW3ATVF4bl3Ab$9886b5f34aa278c0e1b8016909362700f3444b696c04ad556cf3f72f3443a74d","Tonya","Andersen","473 Joseph River
East Dennis, VT 04136","148"
"lisa79@yahoo.com","pbkdf2:sha256:260000$i0hpYSHyVY5Z6UCP$f5d7b267286e611c9b3187b4a03d4a1ad35188320590947a409ac46b4714836d","Stephen","Bernard","2082 Russell Station Apt. 498
North Jerryshire, TN 99461","474"
"richardsonjerry@yahoo.com","pbkdf2:sha256:260000$kjDMTT09XreegiXt$3682a21a80e29e62a6cdce55dfc7eb08832e78c2a3e69ce8bcedb82928d4ad64","Amanda","Gonzalez","2039 Wall Mission Suite 006
Piercetown, GA 89103","11"
"jmcmahon@gmail.com","pbkdf2:sha256:260000$GWJTrWLWcdNoAZ4h$b483ef3cc7397b2effe393a36e47a6d9606122051edd735011f9a073e8f6c077","Jimmy","Walker","4101 Savage Park
South Lorraine, VA 53629","213"
"wrightkaylee@hotmail.com","pbkdf2:sha256:260000$VEd2Aef4I91Z3Ks0$fb62a819531396de1edee3069517af1673139fd08207f78ac285874a20bb9f12","Austin","Holland","08987 Ramirez Avenue
Bellchester, UT 04795","428"
"danielbernard@gmail.com","pbkdf2:sha256:260000$EdXlzaLArWxyfFih$910fe8045cfbaf56183b3f7dad7daccdb8f01fd19af199319c224ac1d6a5d912","Molly","Fuller","848 Eric Knoll
North Justinchester, KS 69953","469"
"wbrown@gmail.com","pbkdf2:sha256:260000$jrSPTbLB8ej8Qx6g$ed192f316a3d190abcdd6c59d20ace37098f36bd284931e542d4e5f3a58ad127","Doris","Kaiser","16581 Gregory River
Port Angela, VT 66142","284"
"ofernandez@yahoo.com","pbkdf2:sha256:260000$FBssq6LpJ2LN2HEm$ba71ecef4e75e24eba497a1e13798648be3b59e6329b95e42c758a676b656d28","Tyler","Curtis","57654 Ponce Meadow
South Erica, NH 18794","472"
"conradthomas@yahoo.com","pbkdf2:sha256:260000$w3qJqvveOxivKEQ1$e1bd31dfd8d4fd728636c7eefd52e4182310c0a32ef5cc19272b3a2b07e67498","Angela","Tucker","62799 Armstrong Avenue Apt. 932
South Tonya, ID 01948","328"
"savannahsoto@hotmail.com","pbkdf2:sha256:260000$mPPk0EZEuGlsvppF$f80c0f843ef2ae24397ec435ddd0afcb1d0d26a9bc87e65ee3de9e6463963874","Robert","Gould","5565 Powers Avenue Apt. 753
West Alexanderchester, OR 56221","51"
"debra49@yahoo.com","pbkdf2:sha256:260000$l6AzBDcMQRnyYtw3$92c8d9874c1ed6d8e1b2da76028e4b94cbe976f78f739f2023fc379393eb6278","Cody","Morris","46670 Orozco Walks Suite 505
Diazmouth, CA 12755","95"
"edward63@gmail.com","pbkdf2:sha256:260000$7LmunVA1KZBT88Ru$4b4e897092409bebb8f58d620c889ffc6916e14919c9e367b0de186bcab53cc7","Valerie","Jacobs","2337 Tina Trafficway
Lisaborough, OK 94452","322"
"deborah77@gmail.com","pbkdf2:sha256:260000$TGPVXtWVQOUerSn2$20da0e86bf331f1c613e0a0ee50cbcaa7a7888e2f66219f66516553f9c6cb8a5","Deanna","Holt","189 Johnson Flats Suite 066
North Tiffany, MA 54902","370"
"opoole@hotmail.com","pbkdf2:sha256:260000$w7TrS4igDOAfBag1$a3fb11775a3a2afff2a7fb4f4209e3b6f8333152a31323befbb84846b0508e96","Larry","Palmer","58718 Camacho Cove Suite 092
Elizabethburgh, NJ 29866","440"
"dwells@hotmail.com","pbkdf2:sha256:260000$cs9BDso8iuNhc1tc$d79d3c52b62093110a89e17982e1b39c09abe1a90654cce0ba09d0e65c40b229","Kristina","Higgins","824 Roberson Port Apt. 542
Martinborough, DC 98148","151"
"qstephenson@hotmail.com","pbkdf2:sha256:260000$pWcBo74k9ioY59XX$e552ab95504f123d8e5215e815715a0ad7bdc8807ae3e2719952ba285a2f76db","Shawn","Matthews","46432 Gina Route
West Johnny, CT 19932","61"
"jeffreysmith@gmail.com","pbkdf2:sha256:260000$iytvd1En9KBnrjkh$550bc209b7185d105b8c5451c2a46cef43fdb23218ad6da6bfb19ef6d0fc3cc9","Samantha","Parrish","USCGC Blackburn
FPO AA 75632","380"
"marydaniel@yahoo.com","pbkdf2:sha256:260000$Wj85doreZVQsHM00$666e927eb8c2d6d14fb4285f00d00805dcbfe0d7bc4f3ea9711adeeea9984a89","Tonya","Jacobs","Unit 6430 Box 0927
DPO AP 20036","170"
"jerrybrooks@hotmail.com","pbkdf2:sha256:260000$vz5xtsUJmepAevqg$140711784e4e02019f749461d9e4f6318ff33e7f087ad1cdf4e468f039e4e880","John","Beck","304 Paul Mall
Douglasfurt, DC 54863","458"
"mcbridemary@gmail.com","pbkdf2:sha256:260000$ycvPkDm4wTzyMxDN$7d4be074013a74d2ed00212ac3ef53617ab16732282406ba7c9fd0f10e98af90","Laurie","Underwood","229 Case Shoal Suite 948
Lake Jennifer, TX 47367","369"
"ycolon@yahoo.com","pbkdf2:sha256:260000$eBlDxqYUnCBnjQDN$148d34a75a2ef1bbc7b4a873c0d4e5f08d096cb5fa5182a7214f2d8d82ecb7ba","Linda","Orozco","Unit 4616 Box 6533
DPO AE 79485","498"
"michael74@yahoo.com","pbkdf2:sha256:260000$xsH8PovEcmyYbX4H$d79053931309cc34aaa65981648594ea454882a48ba00b258269e290a636eac4","Kimberly","Park","1123 Ferguson Circle Suite 287
North John, PA 04644","364"
"dillonwest@yahoo.com","pbkdf2:sha256:260000$MHFlE2LYcnivrRXs$60216f238ff571c8b4f67560b99028b8c300fc19af85492f2ab0a9d826d28581","Cynthia","Lyons","9204 Ware Rapid
Lake Zachary, OH 28651","256"
"sarabender@hotmail.com","pbkdf2:sha256:260000$jkUHSuI5aqNa0ZSq$432d97890aeff180de0c393913f5a8fcd6fff19a20a2d56f13feb008163ae0e5","Daniel","Hall","USNS Cisneros
FPO AP 07096","479"
"jeremy83@hotmail.com","pbkdf2:sha256:260000$DR1eVArnzddjpsLa$87add224c7d69d5ca9ff47bfa6e4b82f2ab5491af3a3b7e84561795787725c89","Spencer","Duncan","1604 Perry Island Suite 400
Cortezville, AZ 28041","495"
"jonathan73@yahoo.com","pbkdf2:sha256:260000$HGVjRzvx6UsjQzvL$a166db7e59d9e1922f175e11da36a900e2411187272652da6c70f598e10d6288","Cheryl","Acosta","9928 Leach Cove Apt. 182
Mooreton, IL 16060","216"
"alexandramitchell@gmail.com","pbkdf2:sha256:260000$yEeiZ9gxd4cFf6eF$78c0bb00238a2015d08c903ab7bff26726ad5bfa1f47889c4ecd9217f92567e8","Matthew","DDS","2898 Scott Shoal
West Ryanchester, AL 65745","259"
"mathew17@hotmail.com","pbkdf2:sha256:260000$2s1dFRIguLctdtDr$3db62f3c16e734adb5008c81121ff32f7f72c2f98287a5bdc54222d95f99effb","Angela","Peterson","134 Garrett Curve
Sarahview, AL 31826","424"
"pgriffin@yahoo.com","pbkdf2:sha256:260000$dyrvwgkBOJeozOB6$fd8e5ca64e23c1ec470700914d03efbe958dc49a3abacdfd896dd41a806943ba","Adrienne","Friedman","09420 Ramos Walks Apt. 671
South Emilychester, KY 17264","466"
"kennethwilliams@gmail.com","pbkdf2:sha256:260000$OmDUJdiz5VACPwu1$fb4f049cc7fe731c8bec64746446cd886639365acd3ea6a0eb0e297bb97d0885","Donald","Thompson","145 Roberts Common Suite 347
East Lindseyville, MA 56035","343"
"shawnharris@gmail.com","pbkdf2:sha256:260000$ACS24znWq6iL24LA$f843e53951f219ad12089b644f49dfd36b7abb2c9094c4f3796fcd92eefc0ead","Bryan","Scott","03107 Kristopher Parkways
Jenniferchester, WI 32030","97"
