"tamaramorrison@hotmail.com","pbkdf2:sha256:260000$idJm8ZG0t3kJW1M6$83a3b20fe9ceaf37030b9b9d8710e8c2307e9e726601b705101f245817542cd9","Gary","Cross","711 Golden Overpass
West Andreaville, MA 71317","68"
"martha10@hotmail.com","pbkdf2:sha256:260000$5fGTTaj5Cwe0CaXp$d6ec719944913f52e04a1cab910b77b8990dc22f952558cb2501c6bdb5c8c617","Denise","Thornton","30989 Anthony Roads
New Maria, MO 12498","291"
"deborah64@gmail.com","pbkdf2:sha256:260000$fHwwOYPIpqCYldCE$577e6296024b1a72e0f37e135cc6139a5a29887f8c3af463f44537a61142e31d","Jeanne","Green","22584 Candice Mills
North Thomas, OK 67164","433"
"franklinjames@yahoo.com","pbkdf2:sha256:260000$dxZlXyYhNEO4uIgG$c5710232268f83b8d229956cb3e653979e41cdd799214fc278f9a2ae58a3f6f0","John","Hoffman","63812 Richard Springs Suite 503
Lake Karenhaven, CT 25464","410"
"samanthasims@yahoo.com","pbkdf2:sha256:260000$Ue5rzUfjAvf1XFEf$a5ceb4acb52edc5861e19b561344175c0c11bdcae842003d1c0359083a113355","Timothy","Parker","87755 Timothy Squares
Simmonsport, WA 90561","391"
"taguilar@hotmail.com","pbkdf2:sha256:260000$UtuSHXoW94pWfGab$a495a3ab286661769191f2a3cd18606f9c828a2a95827e90944cc5c7db4805ac","Linda","Freeman","577 Amy Forges Apt. 555
New Eddieview, WY 20935","32"
"georgedavid@yahoo.com","pbkdf2:sha256:260000$kRS69LKfsOyzUVDw$007c260775ae1231f243068595e95d2af7390afae9a7854e14f359cefc5cbaf4","Sandra","Brown","256 Cheryl Lights
Williamsfort, FL 03152","130"
"chad50@yahoo.com","pbkdf2:sha256:260000$SuOeG3dWnf1nn0pk$eae7628ccdf5f432ee9b266fd20c3912ca7eac159c8c43560287301a5a3eab09","Paula","Wilkerson","16116 Jessica Burgs Suite 660
Calhounmouth, KS 10795","60"
"jyang@hotmail.com","pbkdf2:sha256:260000$NLHGi5pqdyGOtWbm$e8de666f81d9304a5e8bdf57f8bb83313afd4530b0db27b31a96d1513d0f73e7","Willie","Garcia","332 Watson Shore Apt. 290
Millerland, MT 39742","253"
"bramirez@gmail.com","pbkdf2:sha256:260000$GXF8HpdSXk6UbrGf$3444d517a0e4e56f58a6d6cf4cb618cf685a6ecef2ad42b919bf6573fa87e70d","Michael","Montgomery","Unit 4892 Box 6717
DPO AE 71770","389"
"kellypeter@gmail.com","pbkdf2:sha256:260000$LI3nyxn5RQJddyUu$7a73b250a1cf60a7c42e3e6670eeced6b95f654e475e4eca1fe6d8a6dc8d8305","Melissa","James","637 Neal Island Suite 074
Lake Tyler, RI 28775","230"
"tarasanders@gmail.com","pbkdf2:sha256:260000$HHVptmvtoeitLr1v$fe96cf243eb9a0f3e8c54494d389b8b4f68695dda6637e4201bde5b4d407e7c3","Lisa","Bush","774 Lewis Grove Apt. 002
Adamtown, CA 56566","241"
"virginia18@yahoo.com","pbkdf2:sha256:260000$qwdANofyoWeZNMh0$99c23d5f76854a07c37eb97b9d0b70a189969be88ce0968f45d12181d9132695","Bruce","Miller","9168 Williams Falls
South Jeffrey, KY 46651","333"
"jensenanthony@hotmail.com","pbkdf2:sha256:260000$Mxf59Qlr6fJwzC2v$0d3abfc3645ba718abb37b265a1f002849a4ebfab36a6b10c2f195b6cf99e9b3","Mark","Burnett","37933 Lisa Trace
Gomezshire, SC 65835","194"
"kmalone@gmail.com","pbkdf2:sha256:260000$Jl1CogAJidUrV6cH$0e0f3d58b12b77fd5ab8608475d266a49bf521179d6bef596da4b90bbc86c7f6","Courtney","Valdez","76254 Debra Stream
Reyeschester, KS 70454","403"
"kingerin@hotmail.com","pbkdf2:sha256:260000$qTR4yxj5hALVPTH5$7bb170c94dc618a26a3900e1e855fbd5ffaf4e21ea2a302ca7be81d124627874","Henry","Moss","48487 Kendra Ports Suite 076
South Michaelton, KY 97488","107"
"meganbrady@gmail.com","pbkdf2:sha256:260000$9nEjG2NWbfxyRCzv$7937d1b93348effaf822d5adf8dcf6fe838b9b1a983140ef0321c77e9e299a67","Amy","Fowler","4440 Osborne Viaduct Suite 488
Veronicaborough, WY 57084","48"
"kgomez@gmail.com","pbkdf2:sha256:260000$Z0rLUFbAp3xJjRlu$84c829539a0ed79b8920ea93c4ca3c435e710465e33a1419c1823f94065d6624","Tammy","Reilly","514 Travis Track Suite 366
Rowefurt, AZ 76875","249"
"thomaspeters@hotmail.com","pbkdf2:sha256:260000$MH6b7o5e3S4RBE2H$f78465509e55d8a693482433c3166404fca18ef92356af395cf681df72053098","Robin","Harris","78209 Darlene Bypass Suite 137
Port Stephen, VT 44235","14"
"susan06@yahoo.com","pbkdf2:sha256:260000$Ug69OaiI8XyWgzAi$3329887441409915d961c1c3d43e713c0e3425ea8ae0a9c63bf00f95231d7920","Jared","Vaughn","1086 Johnson Path Apt. 155
South Tammyberg, NC 82490","457"
"william86@gmail.com","pbkdf2:sha256:260000$hQRdIpnVUJJkRi3x$31c04995739e24e3c891d48e46b73550950e83f02531c684aa31e0e5cf3c3938","Lauren","Mcdaniel","01992 Emily Light
South Samuelmouth, IA 18566","427"
"michaelanderson@hotmail.com","pbkdf2:sha256:260000$S3srHPHhe22oCqn3$9b7338ed938a5dd43124e5c84f0dbd67394d7629720007101befee8996eb4724","Brian","Richardson","42954 Walters Highway
Johnsonchester, MS 95905","199"
"deleonwilliam@gmail.com","pbkdf2:sha256:260000$zUBuwvqXZfy90qQY$30795f0f8b3a7b45027e3303a34867e1100d8b7bb7deb7df65750b1bda556a76","Maria","Harris","01575 Erica Land
Elizabethbury, OH 72804","221"
"joshua07@yahoo.com","pbkdf2:sha256:260000$8goOd7lHNyzBjjlz$df51c468e41ba0d8a99b621523c8cf33eda372e3be8b6ccc503a1833eca49171","Heather","Davis","68971 Hansen Well
Moniquetown, IN 65740","311"
"leonardsutton@gmail.com","pbkdf2:sha256:260000$30BRXKSPnrEH6fLK$ba498b1dab104598f102a67da5e2c07e983c09c9ab61e5e5cacaa10c7fc1f929","Patrick","Spears","Unit 7879 Box 9368
DPO AA 64290","390"
"hromero@hotmail.com","pbkdf2:sha256:260000$5sTbhhbVZilVG3R9$b2b5e0a76a6d01ee1942c19a6d25807d1f364ea3f45ba2e1f64bb788eee3c9ac","Debra","Aguilar","1140 Christine Shoals
South Jamie, MD 26932","392"
"angela30@gmail.com","pbkdf2:sha256:260000$hFsQaNIoXngx3wWj$1d75a1995c4c031f7f275db32bd3ac7fd50492b1f9f06033083d1569f7e5baff","Cody","Crawford","835 April Plains Suite 297
New Scott, NM 79664","1"
"ygraham@hotmail.com","pbkdf2:sha256:260000$bAzObTWwfjy7nmzs$3de908c1ca5fec08010e44e0db5cb61d9c125d5b4ac9f2a39434a0469b9c6cf3","Cynthia","Faulkner","1974 Patrick Summit Suite 394
North Ericshire, NM 08797","356"
"millerlori@yahoo.com","pbkdf2:sha256:260000$smjw1JxQKLhTaJ8w$66cee518a75c905ce7c7de02d230b9ee491d818118d353d4e921b218726f2f36","Kelly","Casey","3975 Joseph Keys
East Steven, DC 36784","228"
"pmartinez@yahoo.com","pbkdf2:sha256:260000$DRMEVKnUtisWbSNI$008ec02130f9754737856388ce8823ace381d0368d68f4250b77aabd8f46a612","Thomas","Patel","76031 Garcia Falls
South Alexis, MN 69377","136"
"stafforderic@gmail.com","pbkdf2:sha256:260000$zq47xWW99unSN6ib$b9ba6c1e05c7d8f5dcae1727109b8e801a55562e937f1d4d0299cea55393a5ec","Johnny","Martinez","PSC 0367, Box 4656
APO AA 95684","369"
"smithsabrina@gmail.com","pbkdf2:sha256:260000$LTbP3uPAGlFHk2X2$086a5de9821acb4227ac02c3d43f8bb6b45913a0b82f0dcb19bc7f28c042d334","David","Turner","39140 Sheila Ferry
Lake Michael, KY 01682","410"
"rmiranda@hotmail.com","pbkdf2:sha256:260000$98NRdYYpIKBmPMR9$4f84a6881df590d12e99f4d91556265e640425085073c73a39b853cd42fecb4a","Evelyn","Hendricks","7954 Stephen Throughway Apt. 184
Franklinchester, GA 80124","117"
"millersamuel@yahoo.com","pbkdf2:sha256:260000$Rvse7raDtjzz2ZeR$73855a3ca2d540ccea33efbcca9215013870ca9aed0ebc735df2c6ac967b2f8c","Paula","Walter","0525 Christopher Fords
Shannonfort, ND 69503","302"
"cherylstewart@yahoo.com","pbkdf2:sha256:260000$hRruclAvapc7CguH$0e1c80fef5b3c66b9a4694747fb7ee336d0fb99f8b812c056b38cd977da42084","Derrick","Webb","520 Fox Expressway Suite 497
North Jasmine, PA 88434","483"
"santanajimmy@gmail.com","pbkdf2:sha256:260000$JuIQOe4RY80zdQqQ$ee822f93ee4b18d137a171382a942a3082c58cfd11fa590fd834f9b38eca37cc","Patrick","Graves","49874 Farrell Orchard Suite 311
New Veronicashire, MA 96567","52"
"stephenbeck@yahoo.com","pbkdf2:sha256:260000$ittvQvbPsEhkrcJI$ebee9b71c45d4bec9b1673320225b43ad207176ebe3d34071a843167f6297af3","Leah","Bell","94930 Madison Streets Apt. 622
Ryanhaven, IN 88294","461"
"palmercassandra@hotmail.com","pbkdf2:sha256:260000$0wVQrvLXxODcdQav$442431c1ca8440987c959de56daf4b318237ae9adf1fe11485ed6e495aa4e808","Dalton","Fritz","33319 Russell Village
New James, CO 25596","162"
"alisongreer@yahoo.com","pbkdf2:sha256:260000$AaG0NdtUlmQnsQie$2d86fb1c5ad226666a0636c85e3e457fba49e11add19d44a49bc46b0d3ec4b25","Madeline","Stevenson","3348 Curtis Street
Fosterberg, CA 38222","15"
"jasondavis@hotmail.com","pbkdf2:sha256:260000$G4K3RNQ6HLLuYJ05$0fadc88e10ffe051aaf6462adac5f771facc52d960ceed14f68c9ed1837f22ff","Valerie","Charles","496 Jeanette Divide Suite 055
Danafurt, AK 39361","11"
"markchan@gmail.com","pbkdf2:sha256:260000$5gsAqLign7QCU8bj$b4bb1980b27a59738f31781a529f7c042ccbff1953a5fe24f08267f0bceada1e","James","Scott","742 Jared Green
Lake Anthonyport, RI 94947","13"
"castroallen@gmail.com","pbkdf2:sha256:260000$hlpiWo3oi54oyxa0$108a6011f957d2438f088a479075450bff368c29aba667ab8256f6eb94679715","Jennifer","Garcia","18940 Samantha Creek Apt. 722
Scottburgh, VT 75335","332"
"caleb01@yahoo.com","pbkdf2:sha256:260000$pDa59uxZJ6ijNITr$281003aa94ee0d6133cabc4f41d2e786f381f4d6451fb5b9e6b081aaf165441f","Keith","Jones","431 Johnson Neck Suite 039
Mariechester, VT 67849","277"
"guerrerothomas@hotmail.com","pbkdf2:sha256:260000$KZ604QwcZBO7NpAj$8824f0554f6043b385e708ffc1349cfb477621005d67a00b9928ee091cc5dd29","Lori","Moore","20866 Keith Mill
Susanton, NJ 21190","4"
"allison58@hotmail.com","pbkdf2:sha256:260000$7bXEaVehfYoiLkE4$8a1de4c1638d1fa6d83c2c463c3e46882ed7703c77bf0644275c90d264bd8b0a","Ariel","Freeman","125 Dixon Common
Lake Natashabury, VA 50064","480"
"jeremy24@yahoo.com","pbkdf2:sha256:260000$BPplMUir8JxabyEH$0e75b1154d10dbd37887d98b1e84ad125a9ead0ed11dd53cdf1baab183bfe8d7","Randy","Bernard","0684 Samantha Cape
Jennifermouth, MT 01521","451"
"johnny46@hotmail.com","pbkdf2:sha256:260000$AYYnF3Csu3Wx0HtF$44da16cd4a0a9c7222088f3fce619e6d9fb855aa27249c58c80958123ca69085","Timothy","Kerr","2648 Flores Stream
Henryville, PA 41804","195"
"james07@yahoo.com","pbkdf2:sha256:260000$spQ27om7XbpWadFe$2fe3d2185079f75a4fb7db4accb1bab78627c50928474348ec6012c851e49353","William","Crawford","5830 Nielsen Greens Suite 891
Patriciahaven, FL 08869","351"
"marquezpaula@hotmail.com","pbkdf2:sha256:260000$xyQBEabD5XYDbnaU$ee39270785d459a9de0380f2c21f00e4860aae21b0acdc2e09bc95bec5594640","Jonathan","Davis","45116 Blake Inlet Suite 034
East Melanie, NJ 32055","110"
"josephmason@hotmail.com","pbkdf2:sha256:260000$jWmSxOjrzTDXP5hj$4369f5752b8930a3e459cc7ffddbba805618aaaf9dbad5d54c25b694892f93f6","Kathryn","Noble","15233 Keller Wall Suite 978
Kimtown, TX 81993","496"
"richard56@yahoo.com","pbkdf2:sha256:260000$m0NbGg5LrryKIQNT$580b33f441c2b44f1078f7d3ea5a9379e6d7feb9bb8b583a0dc3a8942131327d","Daniel","Cortez","31925 Ware Trail Suite 586
Riveraview, ME 58653","216"
"fosterbryan@yahoo.com","pbkdf2:sha256:260000$7G564hP3F1y7VLuJ$265c42bb5f68c76dd6ca1e6b568ace267114821d25e70806b9c040e9b8622420","Kenneth","Boyd","61322 Hill Springs
Garymouth, CT 99406","371"
"anthonyvincent@yahoo.com","pbkdf2:sha256:260000$5GMqwxrW4HX7Vm86$ec66a3968f9fa87555c94f46f1f3e9c34e8c2f66ed5b6868c9f17e79e31bda3e","Renee","Moore","5285 Lisa Course
North James, VT 86261","14"
"sawyersamuel@yahoo.com","pbkdf2:sha256:260000$QAdgyGpqKcpsW6FP$6944bcaea37657f514827b05d97af1e2961fc73efbc57ebf263a602e4a2bedf8","Alyssa","Farley","938 Jason Summit
Gallowayville, GA 21419","270"
"gstone@yahoo.com","pbkdf2:sha256:260000$gN5d64pZzxhjJ4PC$9085912ac648a5be2c1ba8ad475981bb6806b6e31840b7579f942541c394368e","Alexis","Williams","810 Ralph Via
Georgefurt, TN 42292","113"
"kevinflores@gmail.com","pbkdf2:sha256:260000$qkuDqsxozu2LKvFf$63df38fe3c398a5d6e576c9799beb602822d240cc9dfea9093d1107320dc950d","Jasmine","Castro","983 William Oval
New Jessica, DE 20592","391"
"gordon43@hotmail.com","pbkdf2:sha256:260000$cQv7vK840MQBoJDF$d8d0a2764f780411dec1b11da7605952205cc739e36b0425bc5e8972058596a0","Joseph","Williams","411 Craig Knoll
East Lauren, VA 97386","224"
"kennethwashington@gmail.com","pbkdf2:sha256:260000$slhQiyRppQtJTlRn$0f2afaec50904c606b8eb776be4e4f52d051710e392ffe21dfc0cb0bea656239","Jennifer","Marsh","41694 Ashlee Lodge Suite 853
East Denise, DE 70663","480"
"hamiltonchristopher@gmail.com","pbkdf2:sha256:260000$dY63nAfimHGp2GB6$eb497172739277e32339904ba3e124ed1e789889c4b0e87e0d9f1b96d05f82db","Anne","Michael","535 Rowland Stravenue Suite 306
Richardtown, DE 41691","253"
"nsmith@hotmail.com","pbkdf2:sha256:260000$SaVGAhVxDdxE9ldC$0c6cfe9b85f9765872a67401bf22c1393556b60d1d6b238c683840f0a1b86b47","Joshua","Duke","23312 Bob Points
New Marychester, SD 59471","283"
"jennaarnold@yahoo.com","pbkdf2:sha256:260000$80eAI9HZVIcgaFGG$388d4d879e1d64f1ade4f3199d3c365e331b623242a8710d4c2b94dfeb490c0b","Susan","Turner","5099 Rodriguez Square Apt. 267
Lisaview, TX 98607","119"
"scottzimmerman@hotmail.com","pbkdf2:sha256:260000$rW4d1xBgTBDZ9xoT$03de9664c503fdfa94cc846a0cf4204b60a7214a44ec9cd12431512c963dadad","Julie","Dominguez","46894 Matthew Prairie
Josephbury, WA 68649","176"
"bonnie89@gmail.com","pbkdf2:sha256:260000$6geLnffl3UcScnZ1$7be750efbb2e12c8555b9de95002cea5e2ed5e873929d4fdcd2ffbf94bb3d081","Dwayne","Osborne","1955 Robert Lake Suite 238
New Dennis, NY 15122","118"
"cindy30@gmail.com","pbkdf2:sha256:260000$T0BGSSuunxtzTH8U$5021fe274abc95b205b80aa007009cade0ffb27c4c56011104e0dcc28b824109","Antonio","Thompson","24075 Lin Pass Apt. 490
Dominguezview, MN 02536","346"
"qhenderson@gmail.com","pbkdf2:sha256:260000$SuELtxEcLTp4v3da$7ef5b1f0ad9fe026a9c98b42177f4d1f6b4bd310035583d7eb5ce347d0c71457","Yolanda","King","64598 Jefferson Point Apt. 056
Nortonshire, IN 16140","112"
"nancyturner@hotmail.com","pbkdf2:sha256:260000$ZZp6j3bWAdRwMd1o$72deaa72df1f0ebfd8c21cbeca8536bce90130efbf54d585abf565e45a7051ae","Richard","Woodward","8379 Ashlee Port Apt. 461
North Markville, LA 13324","389"
"bradley51@hotmail.com","pbkdf2:sha256:260000$2FHXCpNzGoqah6Od$5b9be8f9590bb0e3eab3cc2fb7c76da4385b546b609e596e62586891ec093186","Jeremy","Costa","60980 Brian Road Suite 750
Rodriguezview, WA 06223","235"
"matthewpetersen@hotmail.com","pbkdf2:sha256:260000$xyqQe6KyaOoGJR4P$d637435593d57c94589cd329fe22c684e915c55c143b1f003f9f0136e761fb36","Robert","Dunn","46977 Rivera Route
Port Caleb, ND 66244","487"
"uhill@hotmail.com","pbkdf2:sha256:260000$NdmG09hwdl0aoHvC$bf63ce16566771622784f041cff1e8a561ebeb1b15d439e9b3d61d41846dd40f","Tonya","Andersen","473 Joseph River
East Dennis, VT 04136","148"
"lisa79@yahoo.com","pbkdf2:sha256:260000$ebbF8hGeRVoI9nrM$020aa4d9b824e10fbde35aea653c6cba971dafc390258b956244a8eccb20cc99","Stephen","Bernard","2082 Russell Station Apt. 498
North Jerryshire, TN 99461","474"
"richardsonjerry@yahoo.com","pbkdf2:sha256:260000$CQ75cwQRNpybQbTP$68a26ffc9e2cc2e56c7f72da988e7f28cbbaf7d2c7fd9790fb4de985b283ba5d","Amanda","Gonzalez","2039 Wall Mission Suite 006
Piercetown, GA 89103","11"
"jmcmahon@gmail.com","pbkdf2:sha256:260000$fkcpP1jksp6xsLlD$52b6d167d4c31e68062d11ca2f012f533e8dd57ea15b1b4446904531ee45e14a","Jimmy","Walker","4101 Savage Park
South Lorraine, VA 53629","213"
"wrightkaylee@hotmail.com","pbkdf2:sha256:260000$WcIjydANsBA4DZNt$d999ac970f9aec22716642b0f363a21fa132815f9ea84f14bb6759989f5ba9fe","Austin","Holland","08987 Ramirez Avenue
Bellchester, UT 04795","428"
"danielbernard@gmail.com","pbkdf2:sha256:260000$fVmoylGcNWojsBAz$c5a1608789f1aac6187386168a5353a9b456fe92a68bb60c04d271eceab79078","Molly","Fuller","848 Eric Knoll
North Justinchester, KS 69953","469"
"wbrown@gmail.com","pbkdf2:sha256:260000$jOyt3pqRXGRXjrBj$71788a8d5b3e60586ad5e416f1a19bedd433a72e20c51ec3602af6979815c763","Doris","Kaiser","16581 Gregory River
Port Angela, VT 66142","284"
"ofernandez@yahoo.com","pbkdf2:sha256:260000$xCpl7oh0jsfhLz54$f3e418edd404752868b40dfe2693f3410a59b26cbddd67cb9e0c4ad0a3e6b710","Tyler","Curtis","57654 Ponce Meadow
South Erica, NH 18794","472"
"conradthomas@yahoo.com","pbkdf2:sha256:260000$lnBl5Fq3HrHk8q3s$172f60260de3702bfb61037dbc8ff62b56a9a8663510a0304b2e99288652e9a0","Angela","Tucker","62799 Armstrong Avenue Apt. 932
South Tonya, ID 01948","328"
"savannahsoto@hotmail.com","pbkdf2:sha256:260000$dFipGfJwhaxPoEHf$a8525afecfc0cbd997315b30fb068d9dd6811d74943a696b0b98d22bed8a02db","Robert","Gould","5565 Powers Avenue Apt. 753
West Alexanderchester, OR 56221","51"
"debra49@yahoo.com","pbkdf2:sha256:260000$YPaV7xmESk35rezX$96ee0450b4425df1425be40216ed2ce49a2e0632eb9a2e7e1d95db0164c98f0e","Cody","Morris","46670 Orozco Walks Suite 505
Diazmouth, CA 12755","95"
"edward63@gmail.com","pbkdf2:sha256:260000$uYXEIdHOz4vpAl5q$3c7d34a2bf0bbde0994e01e12803956bf1f7350bc6c416b921f3787e5fb3bd62","Valerie","Jacobs","2337 Tina Trafficway
Lisaborough, OK 94452","322"
"deborah77@gmail.com","pbkdf2:sha256:260000$HPiLICw4maBXTAr4$a5eb53999289be37445aa9079c1c65e39caf6f5762d195a7ca7d77bb88795825","Deanna","Holt","189 Johnson Flats Suite 066
North Tiffany, MA 54902","370"
"opoole@hotmail.com","pbkdf2:sha256:260000$cM45aBfUkwAyTnWu$e75b6475ecef5b7d82c2c03519e20c5ae66860891193c84944fa6ec661d9c014","Larry","Palmer","58718 Camacho Cove Suite 092
Elizabethburgh, NJ 29866","440"
"dwells@hotmail.com","pbkdf2:sha256:260000$CAytrTfaRhsgLsGf$b5c0d52781fabb47cc6aa0c97ff2061bfeaddabc9a2c6ef1018bf859904900b9","Kristina","Higgins","824 Roberson Port Apt. 542
Martinborough, DC 98148","151"
"qstephenson@hotmail.com","pbkdf2:sha256:260000$Crhxudwa0gyTHH67$067b3601ab1cd7d122a8f92bd5a90e185549d632da4e520a2983e9f61d0cf2dc","Shawn","Matthews","46432 Gina Route
West Johnny, CT 19932","61"
"jeffreysmith@gmail.com","pbkdf2:sha256:260000$v7ttcjib6c397BJd$733a6ad81aaef56aa8ee0bcc7782f66ee871e416bed5ff5637af1cbef04ad621","Samantha","Parrish","USCGC Blackburn
FPO AA 75632","380"
"marydaniel@yahoo.com","pbkdf2:sha256:260000$MYc6MYz8Qm3cqTVC$ad94478df84dff0bafa461ec8fcb0f1b24137ee856e48513ec7f4d94abe9fc1f","Tonya","Jacobs","Unit 6430 Box 0927
DPO AP 20036","170"
"jerrybrooks@hotmail.com","pbkdf2:sha256:260000$XIJ4aghWfIArFRvA$25948b3cb9bb6df3c1f4e9665ebd7c6b96b7583ba6becf09c8237bc389bb5291","John","Beck","304 Paul Mall
Douglasfurt, DC 54863","458"
"mcbridemary@gmail.com","pbkdf2:sha256:260000$PAYPEmIgZ1nQ8SAy$919385dd1e05aab7aceaa3afceecd93aa23091b5c238f8cd829c146586ee28d7","Laurie","Underwood","229 Case Shoal Suite 948
Lake Jennifer, TX 47367","369"
"ycolon@yahoo.com","pbkdf2:sha256:260000$LR3yqeCAdBIKEq7x$185700d5f72f8a1ab122b333f00055e1c913bbbd75adeddfdac185a9c7a95ce3","Linda","Orozco","Unit 4616 Box 6533
DPO AE 79485","498"
"michael74@yahoo.com","pbkdf2:sha256:260000$6Vk7VXjqqgm0iszB$deb830a2ff3591ff874ee4a71dcf90ed88f259b82e69dbc7ff68a44a34069cc5","Kimberly","Park","1123 Ferguson Circle Suite 287
North John, PA 04644","364"
"dillonwest@yahoo.com","pbkdf2:sha256:260000$sT2eAR15GkmPVhkL$8d805f9e69cc59f839755a4ad693ffb8a6dd577921a0a369178383491d3d34cb","Cynthia","Lyons","9204 Ware Rapid
Lake Zachary, OH 28651","256"
"sarabender@hotmail.com","pbkdf2:sha256:260000$tZovi2rasL3jlmvX$93eca42bb7f9ca0facca295935cb7eecbe78d734ab9267c5bf2fccf058c3bf33","Daniel","Hall","USNS Cisneros
FPO AP 07096","479"
"jeremy83@hotmail.com","pbkdf2:sha256:260000$0kWmTJrTqNlYztiS$3df9244174ad8dff916b91c0e97bf6ec18ed20da6afa7fe2a385a168d98f3bc3","Spencer","Duncan","1604 Perry Island Suite 400
Cortezville, AZ 28041","495"
"jonathan73@yahoo.com","pbkdf2:sha256:260000$l6NlXvaWvNBcPpe4$1f5f946fd45151d07bbab48d614e25fadd11c7888c0c4b5cc6a7116d8ed6af92","Cheryl","Acosta","9928 Leach Cove Apt. 182
Mooreton, IL 16060","216"
"alexandramitchell@gmail.com","pbkdf2:sha256:260000$sivPu5TFdXJeL1C7$2906376394d74805280509b7e793639c7510bbbeeddafcb4bb8a0d16d1ea4666","Matthew","DDS","2898 Scott Shoal
West Ryanchester, AL 65745","259"
"mathew17@hotmail.com","pbkdf2:sha256:260000$yreXqsteJH95hPVa$7260e965b2bebc4ed24a5c5892b645451830b4fc5d914a3f74f2dc025f8e6c4e","Angela","Peterson","134 Garrett Curve
Sarahview, AL 31826","424"
"pgriffin@yahoo.com","pbkdf2:sha256:260000$V1GPWux2XqvbAVEm$a0e393a662ddbf5b26b77e1e3b265c6a2fd860b2aecb4ea3ab165cc5167d18b2","Adrienne","Friedman","09420 Ramos Walks Apt. 671
South Emilychester, KY 17264","466"
"kennethwilliams@gmail.com","pbkdf2:sha256:260000$x90w3LfM6nKUFqFV$81e1547a8357cdf050324fcfb774cb3dbd0ca5666491f3998c5a97b5ac91fa41","Donald","Thompson","145 Roberts Common Suite 347
East Lindseyville, MA 56035","343"
"shawnharris@gmail.com","pbkdf2:sha256:260000$y180l80Srie950HF$83f5204c96c8fb51478b49366636e6e70e9e1aa915de0eaebb0a89ff1781a6b8","Bryan","Scott","03107 Kristopher Parkways
Jenniferchester, WI 32030","97"
